{
  "project_info": {
    "project_number": "59019314953",
    "firebase_url": "https://filare-17550-default-rtdb.firebaseio.com/",
    "project_id": "filare-17550",
    "storage_bucket": "filare-17550.appspot.com"
  },
  "client": [
    {
      "client_info": {
        "mobilesdk_app_id": "1:59019314953:android:b6b072b73dcc6e31feb5d8",
        "android_client_info": {
          "package_name": "com.example.filesharingapplication"
        }
      },
      "oauth_client": [
        {
          "client_id": "59019314953-uesung3q3pm25uabpivet0s1cmp5fkqa.apps.googleusercontent.com",
          "client_type": 3
        }
      ],
      "api_key": [
        {
          "current_key": "AIzaSyB77YrRSekJzKI5r7HlSnY0hjFTBAuUWlE"
        }
      ],
      "services": {
        "appinvite_service": {
          "other_platform_oauth_client": [
            {
              "client_id": "59019314953-uesung3q3pm25uabpivet0s1cmp5fkqa.apps.googleusercontent.com",
              "client_type": 3
            }
          ]
        }
      }
    }
  ],
  "configuration_version": "1"
}